<?xml version="1.0" encoding="UTF-8"?>
<!DOCTYPE nmaprun>
<?xml-stylesheet href="file:///usr/bin/../share/nmap/nmap.xsl" type="text/xsl"?>
<!-- Nmap 7.91 scan initiated Mon Mar 22 09:13:45 2021 as: nmap -vv -&#45;reason -Pn -sV -p 5357 &quot;-&#45;script=banner,(http* or ssl*) and not (brute or broadcast or dos or external or http-slowloris* or fuzzer)&quot; -oN &quot;/home/kali/Desktop/Self written scripts/results/192.168.2.13/autorecon/192.168.2.13/scans/tcp_5357_http_nmap.txt&quot; -oX &quot;/home/kali/Desktop/Self written scripts/results/192.168.2.13/autorecon/192.168.2.13/scans/xml/tcp_5357_http_nmap.xml&quot; 192.168.2.13 -->
<nmaprun scanner="nmap" args="nmap -vv -&#45;reason -Pn -sV -p 5357 &quot;-&#45;script=banner,(http* or ssl*) and not (brute or broadcast or dos or external or http-slowloris* or fuzzer)&quot; -oN &quot;/home/kali/Desktop/Self written scripts/results/192.168.2.13/autorecon/192.168.2.13/scans/tcp_5357_http_nmap.txt&quot; -oX &quot;/home/kali/Desktop/Self written scripts/results/192.168.2.13/autorecon/192.168.2.13/scans/xml/tcp_5357_http_nmap.xml&quot; 192.168.2.13" start="1616418825" startstr="Mon Mar 22 09:13:45 2021" version="7.91" xmloutputversion="1.05">
<scaninfo type="syn" protocol="tcp" numservices="1" services="5357"/>
<verbose level="2"/>
<debugging level="0"/>
<taskbegin task="NSE" time="1616418826"/>
<taskend task="NSE" time="1616418826"/>
<taskbegin task="NSE" time="1616418826"/>
<taskend task="NSE" time="1616418826"/>
<taskbegin task="NSE" time="1616418826"/>
<taskend task="NSE" time="1616418826"/>
<taskbegin task="ARP Ping Scan" time="1616418826"/>
<hosthint><status state="up" reason="arp-response" reason_ttl="0"/>
<address addr="192.168.2.13" addrtype="ipv4"/>
<address addr="C8:D9:D2:EA:EE:6B" addrtype="mac" vendor="Hewlett Packard"/>
<hostnames>
</hostnames>
</hosthint>
<taskend task="ARP Ping Scan" time="1616418826" extrainfo="1 total hosts"/>
<taskbegin task="Parallel DNS resolution of 1 host." time="1616418826"/>
<taskend task="Parallel DNS resolution of 1 host." time="1616418826"/>
<taskbegin task="SYN Stealth Scan" time="1616418826"/>
<taskend task="SYN Stealth Scan" time="1616418826" extrainfo="1 total ports"/>
<taskbegin task="Service scan" time="1616418827"/>
<taskend task="Service scan" time="1616418838" extrainfo="1 service on 1 host"/>
<taskbegin task="NSE" time="1616418838"/>
<taskend task="NSE" time="1616418851"/>
<taskbegin task="NSE" time="1616418851"/>
<taskend task="NSE" time="1616418851"/>
<taskbegin task="NSE" time="1616418851"/>
<taskend task="NSE" time="1616418851"/>
<host starttime="1616418826" endtime="1616418851"><status state="up" reason="arp-response" reason_ttl="0"/>
<address addr="192.168.2.13" addrtype="ipv4"/>
<address addr="C8:D9:D2:EA:EE:6B" addrtype="mac" vendor="Hewlett Packard"/>
<hostnames>
<hostname name="desktop-nromt5i.home" type="PTR"/>
</hostnames>
<ports><port protocol="tcp" portid="5357"><state state="open" reason="syn-ack" reason_ttl="128"/><service name="http" product="Microsoft HTTPAPI httpd" version="2.0" extrainfo="SSDP/UPnP" ostype="Windows" method="probed" conf="10"><cpe>cpe:/o:microsoft:windows</cpe></service><script id="http-chrono" output="Request times for /; avg: 157.06ms; min: 152.69ms; max: 169.53ms"/><script id="http-comments-displayer" output="Couldn&apos;t find any comments."/><script id="http-csrf" output="Couldn&apos;t find any CSRF vulnerabilities."/><script id="http-date" output="Mon, 22 Mar 2021 13:13:58 GMT; -1s from local time."><elem key="date">2021-03-22T13:13:58+00:00</elem>
<elem key="delta">-1.0</elem>
</script><script id="http-devframework" output="Couldn&apos;t determine the underlying framework or CMS. Try increasing &apos;httpspider.maxpagecount&apos; value to spider more pages."/><script id="http-dombased-xss" output="Couldn&apos;t find any DOM based XSS."/><script id="http-drupal-enum" output="Nothing found amongst the top 100 resources,use -&#45;script-args number=&lt;number|all&gt; for deeper analysis)"/><script id="http-errors" output="&#xa;Spidering limited to: maxpagecount=40; withinhost=desktop-nromt5i.home&#xa;  Found the following error pages: &#xa;  &#xa;  Error Code: 503&#xa;  &#x9;http://desktop-nromt5i.home:5357/&#xa;"/><script id="http-feed" output="Couldn&apos;t find any feeds."/><script id="http-fetch" output="Please enter the complete path of the directory to save data in."><elem key="ERROR">Please enter the complete path of the directory to save data in.</elem>
</script><script id="http-headers" output="&#xa;  Content-Type: text/html; charset=us-ascii&#xa;  Server: Microsoft-HTTPAPI/2.0&#xa;  Date: Mon, 22 Mar 2021 13:14:02 GMT&#xa;  Connection: close&#xa;  Content-Length: 326&#xa;  &#xa;  (Request type: GET)&#xa;"/><script id="http-jsonp-detection" output="Couldn&apos;t find any JSONP endpoints."/><script id="http-litespeed-sourcecode-download" output="Request with null byte did not work. This web server might not be vulnerable"/><script id="http-malware-host" output="Host appears to be clean"/><script id="http-mobileversion-checker" output="No mobile version detected."/><script id="http-referer-checker" output="Couldn&apos;t find any cross-domain scripts."/><script id="http-security-headers" output="&#xa;"></script><script id="http-server-header" output="Microsoft-HTTPAPI/2.0"><elem>Microsoft-HTTPAPI/2.0</elem>
</script><script id="http-sitemap-generator" output="&#xa;  Directory structure:&#xa;  Longest directory structure:&#xa;    Depth: 0&#xa;    Dir: /&#xa;  Total files found (by extension):&#xa;    &#xa;"/><script id="http-stored-xss" output="Couldn&apos;t find any stored XSS vulnerabilities."/><script id="http-title" output="Service Unavailable"><elem key="title">Service Unavailable</elem>
</script><script id="http-useragent-tester" output="&#xa;  Status for browser useragent: 503&#xa;  Allowed User Agents: &#xa;    Mozilla/5.0 (compatible; Nmap Scripting Engine; https://nmap.org/book/nse.html)&#xa;    libwww&#xa;    lwp-trivial&#xa;    libcurl-agent/1.0&#xa;    PHP/&#xa;    Python-urllib/2.5&#xa;    GT::WWW&#xa;    Snoopy&#xa;    MFC_Tear_Sample&#xa;    HTTP::Lite&#xa;    PHPCrawl&#xa;    URI::Fetch&#xa;    Zend_Http_Client&#xa;    http client&#xa;    PECL::HTTP&#xa;    Wget/1.13.4 (linux-gnu)&#xa;    WWW-Mechanize/1.34"><elem key="Status for browser useragent">503</elem>
<table key="Allowed User Agents">
<elem>Mozilla/5.0 (compatible; Nmap Scripting Engine; https://nmap.org/book/nse.html)</elem>
<elem>libwww</elem>
<elem>lwp-trivial</elem>
<elem>libcurl-agent/1.0</elem>
<elem>PHP/</elem>
<elem>Python-urllib/2.5</elem>
<elem>GT::WWW</elem>
<elem>Snoopy</elem>
<elem>MFC_Tear_Sample</elem>
<elem>HTTP::Lite</elem>
<elem>PHPCrawl</elem>
<elem>URI::Fetch</elem>
<elem>Zend_Http_Client</elem>
<elem>http client</elem>
<elem>PECL::HTTP</elem>
<elem>Wget/1.13.4 (linux-gnu)</elem>
<elem>WWW-Mechanize/1.34</elem>
</table>
</script><script id="http-vhosts" output="&#xa;128 names had status 503"/><script id="http-wordpress-enum" output="Nothing found amongst the top 100 resources,use -&#45;script-args search-limit=&lt;number|all&gt; for deeper analysis)"/><script id="http-wordpress-users" output="[Error] Wordpress installation was not found. We couldn&apos;t find wp-login.php"/></port>
</ports>
<times srtt="362" rttvar="3816" to="100000"/>
</host>
<taskbegin task="NSE" time="1616418851"/>
<taskend task="NSE" time="1616418851"/>
<taskbegin task="NSE" time="1616418851"/>
<taskend task="NSE" time="1616418851"/>
<taskbegin task="NSE" time="1616418851"/>
<taskend task="NSE" time="1616418851"/>
<runstats><finished time="1616418851" timestr="Mon Mar 22 09:14:11 2021" summary="Nmap done at Mon Mar 22 09:14:11 2021; 1 IP address (1 host up) scanned in 26.58 seconds" elapsed="26.58" exit="success"/><hosts up="1" down="0" total="1"/>
</runstats>
</nmaprun>
