<?xml version="1.0" encoding="UTF-8"?>
<!DOCTYPE nmaprun>
<?xml-stylesheet href="file:///usr/bin/../share/nmap/nmap.xsl" type="text/xsl"?>
<!-- Nmap 7.91 scan initiated Mon Mar 22 09:16:36 2021 as: nmap -vv -&#45;reason -Pn -sV -p 60085 &quot;-&#45;script=banner,(mongodb* or ssl*) and not (brute or broadcast or dos or external or fuzzer)&quot; -oN &quot;/home/kali/Desktop/Self written scripts/results/192.168.2.13/autorecon/192.168.2.13/scans/tcp_60085_mongodb_nmap.txt&quot; -oX &quot;/home/kali/Desktop/Self written scripts/results/192.168.2.13/autorecon/192.168.2.13/scans/xml/tcp_60085_mongodb_nmap.xml&quot; 192.168.2.13 -->
<nmaprun scanner="nmap" args="nmap -vv -&#45;reason -Pn -sV -p 60085 &quot;-&#45;script=banner,(mongodb* or ssl*) and not (brute or broadcast or dos or external or fuzzer)&quot; -oN &quot;/home/kali/Desktop/Self written scripts/results/192.168.2.13/autorecon/192.168.2.13/scans/tcp_60085_mongodb_nmap.txt&quot; -oX &quot;/home/kali/Desktop/Self written scripts/results/192.168.2.13/autorecon/192.168.2.13/scans/xml/tcp_60085_mongodb_nmap.xml&quot; 192.168.2.13" start="1616418996" startstr="Mon Mar 22 09:16:36 2021" version="7.91" xmloutputversion="1.05">
<scaninfo type="syn" protocol="tcp" numservices="1" services="60085"/>
<verbose level="2"/>
<debugging level="0"/>
<taskbegin task="NSE" time="1616418997"/>
<taskend task="NSE" time="1616418997"/>
<taskbegin task="NSE" time="1616418997"/>
<taskend task="NSE" time="1616418997"/>
<taskbegin task="NSE" time="1616418997"/>
<taskend task="NSE" time="1616418997"/>
<taskbegin task="ARP Ping Scan" time="1616418997"/>
<hosthint><status state="up" reason="arp-response" reason_ttl="0"/>
<address addr="192.168.2.13" addrtype="ipv4"/>
<address addr="C8:D9:D2:EA:EE:6B" addrtype="mac" vendor="Hewlett Packard"/>
<hostnames>
</hostnames>
</hosthint>
<taskend task="ARP Ping Scan" time="1616418997" extrainfo="1 total hosts"/>
<taskbegin task="Parallel DNS resolution of 1 host." time="1616418997"/>
<taskend task="Parallel DNS resolution of 1 host." time="1616418997"/>
<taskbegin task="SYN Stealth Scan" time="1616418997"/>
<taskend task="SYN Stealth Scan" time="1616418997" extrainfo="1 total ports"/>
<taskbegin task="Service scan" time="1616418997"/>
<taskend task="Service scan" time="1616418997" extrainfo="1 service on 1 host"/>
<taskbegin task="NSE" time="1616418997"/>
<taskend task="NSE" time="1616418997"/>
<taskbegin task="NSE" time="1616418997"/>
<taskend task="NSE" time="1616418997"/>
<taskbegin task="NSE" time="1616418997"/>
<taskend task="NSE" time="1616418997"/>
<host starttime="1616418997" endtime="1616418997"><status state="up" reason="arp-response" reason_ttl="0"/>
<address addr="192.168.2.13" addrtype="ipv4"/>
<address addr="C8:D9:D2:EA:EE:6B" addrtype="mac" vendor="Hewlett Packard"/>
<hostnames>
<hostname name="desktop-nromt5i.home" type="PTR"/>
</hostnames>
<ports><port protocol="tcp" portid="60085"><state state="open" reason="syn-ack" reason_ttl="128"/><service name="unknown" servicefp="SF-Port60085-TCP:V=7.91%I=7%D=3/22%Time=605898B5%P=x86_64-pc-linux-gnu%r(NULL,22,&quot;{\&quot;type\&quot;:\&quot;Tier1\&quot;,\&quot;version\&quot;:\&quot;1\.0\&quot;}\r\n&quot;)%r(HTTPOptions,22,&quot;{\&quot;type\&quot;:\&quot;Tier1\&quot;,\&quot;version\&quot;:\&quot;1\.0\&quot;}\r\n&quot;)%r(RTSPRequest,22,&quot;{\&quot;type\&quot;:\&quot;Tier1\&quot;,\&quot;version\&quot;:\&quot;1\.0\&quot;}\r\n&quot;)%r(RPCCheck,22,&quot;{\&quot;type\&quot;:\&quot;Tier1\&quot;,\&quot;version\&quot;:\&quot;1\.0\&quot;}\r\n&quot;)%r(Help,22,&quot;{\&quot;type\&quot;:\&quot;Tier1\&quot;,\&quot;version\&quot;:\&quot;1\.0\&quot;}\r\n&quot;)%r(TLSSessionReq,22,&quot;{\&quot;type\&quot;:\&quot;Tier1\&quot;,\&quot;version\&quot;:\&quot;1\.0\&quot;}\r\n&quot;)%r(X11Probe,22,&quot;{\&quot;type\&quot;:\&quot;Tier1\&quot;,\&quot;version\&quot;:\&quot;1\.0\&quot;}\r\n&quot;)%r(FourOhFourRequest,22,&quot;{\&quot;type\&quot;:\&quot;Tier1\&quot;,\&quot;version\&quot;:\&quot;1\.0\&quot;}\r\n&quot;)%r(LDAPBindReq,22,&quot;{\&quot;type\&quot;:\&quot;Tier1\&quot;,\&quot;version\&quot;:\&quot;1\.0\&quot;}\r\n&quot;)%r(JavaRMI,22,&quot;{\&quot;type\&quot;:\&quot;Tier1\&quot;,\&quot;version\&quot;:\&quot;1\.0\&quot;}\r\n&quot;)%r(afp,22,&quot;{\&quot;type\&quot;:\&quot;Tier1\&quot;,\&quot;version\&quot;:\&quot;1\.0\&quot;}\r\n&quot;);" method="table" conf="3"/><script id="banner" output="{&quot;type&quot;:&quot;Tier1&quot;,&quot;version&quot;:&quot;1.0&quot;}"/><script id="fingerprint-strings" output="&#xa;  FourOhFourRequest, HTTPOptions, Help, JavaRMI, LDAPBindReq, NULL, RPCCheck, RTSPRequest, TLSSessionReq, X11Probe, afp: &#xa;    {&quot;type&quot;:&quot;Tier1&quot;,&quot;version&quot;:&quot;1.0&quot;}"><elem key="FourOhFourRequest, HTTPOptions, Help, JavaRMI, LDAPBindReq, NULL, RPCCheck, RTSPRequest, TLSSessionReq, X11Probe, afp">&#xa;    {&quot;type&quot;:&quot;Tier1&quot;,&quot;version&quot;:&quot;1.0&quot;}</elem>
</script></port>
</ports>
<times srtt="113" rttvar="3753" to="100000"/>
</host>
<taskbegin task="NSE" time="1616418997"/>
<taskend task="NSE" time="1616418997"/>
<taskbegin task="NSE" time="1616418997"/>
<taskend task="NSE" time="1616418997"/>
<taskbegin task="NSE" time="1616418997"/>
<taskend task="NSE" time="1616418997"/>
<runstats><finished time="1616418997" timestr="Mon Mar 22 09:16:37 2021" summary="Nmap done at Mon Mar 22 09:16:37 2021; 1 IP address (1 host up) scanned in 1.03 seconds" elapsed="1.03" exit="success"/><hosts up="1" down="0" total="1"/>
</runstats>
</nmaprun>
